ItemID,Golden_label,ID
61449,Dandelion,908675
90831,Dandelion,171698
99145,Sowthisles,888867
26121,Sowthisles,165001
10661,Pigweed,880929
90261,Dandelion,909795
39932,Dandelion,253343
78302,Sowthisles,714444
39784,Dandelion,296444
73006,Sowthisles,113707
23915,Dandelion,739459
15004,Dandelion,564959
67824,Dandelion,136063
68218,Pigweed,765073
23132,Dandelion,997407
84743,Pigweed,651247
75243,Pigweed,849586
11019,Sowthisles,502812
66298,Sowthisles,428454
